WKT,nama,deskripsi
"POLYGON ((106.9140662 -6.3651451, 106.9068646 -6.3637252, 106.9017066 -6.3688984, 106.8938183 -6.3732789, 106.8833389 -6.3695808, 106.8756222 -6.3640664, 106.8663525 -6.3582658, 106.8557095 -6.3562185, 106.8505597 -6.3476882, 106.84523 -6.341772, 106.8395733 -6.3497355, 106.8361401 -6.3572422, 106.8220639 -6.3606543, 106.8127941 -6.3644076, 106.7987179 -6.366796, 106.7870449 -6.3616779, 106.7894482 -6.3459821, 106.7949414 -6.3333568, 106.8021511 -6.3210725, 106.7925381 -6.3173189, 106.7825817 -6.3180014, 106.7801785 -6.3272147, 106.7764019 -6.3418874, 106.774342 -6.349053, 106.7681622 -6.3579246, 106.7506527 -6.3623603, 106.7393231 -6.3644076, 106.7379498 -6.3835148, 106.7417263 -6.3968212, 106.7482495 -6.4111508, 106.7578625 -6.4299151, 106.7681622 -6.4381029, 106.7818951 -6.4381029, 106.7997479 -6.4408322, 106.8196606 -6.4394676, 106.8344235 -6.4398087, 106.8282689 -6.4450166, 106.8266381 -6.4479164, 106.829728 -6.4499633, 106.8413152 -6.4477459, 106.8438901 -6.4440785, 106.8455209 -6.4387053, 106.8476666 -6.4373406, 106.8526448 -6.438023, 106.8571938 -6.4441638, 106.8546189 -6.4485987, 106.8546189 -6.4526925, 106.8569364 -6.4551658, 106.863717 -6.4558481, 106.8686093 -6.4520102, 106.8708409 -6.4481723, 106.8742742 -6.4469783, 106.8792523 -6.4465518, 106.8862046 -6.4455284, 106.8930711 -6.4446755, 106.8990792 -6.4407522, 106.9031991 -6.4340996, 106.906804 -6.427447, 106.9134988 -6.4201119, 106.9222535 -6.4107296, 106.92809 -6.4003236, 106.9277467 -6.3933293, 106.9219102 -6.3827524, 106.917447 -6.3738813, 106.9145287 -6.3680808, 106.9140662 -6.3651451))",Kota Administrasi Depok, Jawa Barat,
